id_pedido,fecha,cliente_id,cliente_nombre,ciudad,producto,categoria,precio,cantidad,metodo_pago,total
389,2026-08-25,3,Maria Gomez,Medellin,Mouse,Tecnologia,45000.0,1,Efectivo,45000.0
499,2026-09-08,3,Maria Gomez,Medellin,Audifonos,Tecnologia,180000.0,4,Desconocido,720000.0
139,2026-09-09,8,Andres Vega,Neiva,Lampara,Hogar,85000.0,5,Tarjeta,425000.0
427,2026-05-21,10,Diego Castro,Cali,Cafetera,Hogar,260000.0,2,Efectivo,520000.0
66,2026-01-11,3,Maria Gomez,Medellin,Teclado,Tecnologia,120000.0,1,Efectivo,120000.0
485,2026-01-29,8,Andres Vega,Neiva,Teclado,Tecnologia,120000.0,3,Efectivo,360000.0
472,2026-03-01,5,Sofia Diaz,Neiva,Audifonos,Tecnologia,180000.0,4,Tarjeta,720000.0
4,2026-02-04,6,Juan Mora,Bogota,Cafetera,Hogar,260000.0,5,Efectivo,1300000.0
323,2026-06-30,2,Luis Perez,Bogota,Cafetera,Hogar,260000.0,4,Desconocido,1040000.0
260,2026-07-02,3,Maria Gomez,Medellin,Jean,Ropa,130000.0,3,Tarjeta,390000.0
290,2026-09-17,10,Diego Castro,Cali,Laptop,Tecnologia,2500000.0,4,Tarjeta,10000000.0
387,2026-08-14,5,Sofia Diaz,Neiva,Laptop,Tecnologia,2500000.0,5,Tarjeta,12500000.0
268,2026-03-22,7,Laura Rojas,Pitalito,Lampara,Hogar,85000.0,4,Efectivo,340000.0
56,2026-07-31,5,Sofia Diaz,Neiva,Camiseta,Ropa,55000.0,1,Tarjeta,55000.0
155,2026-01-02,10,Diego Castro,Cali,Zapatos,Ropa,210000.0,4,Transferencia,840000.0
146,2026-01-24,8,Andres Vega,Neiva,Mouse,Tecnologia,45000.0,3,Efectivo,135000.0
319,2026-04-14,4,Carlos Ruiz,Cali,Cafetera,Hogar,260000.0,1,Transferencia,260000.0
461,2026-06-03,2,Luis Perez,Bogota,Teclado,Tecnologia,120000.0,5,Transferencia,600000.0
243,2026-05-05,8,Andres Vega,Neiva,Zapatos,Ropa,210000.0,5,Tarjeta,1050000.0
294,2026-04-14,7,Laura Rojas,Pitalito,Mouse,Tecnologia,45000.0,4,Tarjeta,180000.0
474,2026-02-17,4,Carlos Ruiz,Cali,Laptop,Tecnologia,2500000.0,1,Tarjeta,2500000.0
274,2026-05-03,4,Carlos Ruiz,Cali,Laptop,Tecnologia,2500000.0,5,Efectivo,12500000.0
91,2026-05-15,10,Diego Castro,Cali,Lampara,Hogar,85000.0,1,Desconocido,85000.0
284,2026-04-29,7,Laura Rojas,Pitalito,Cafetera,Hogar,260000.0,5,Efectivo,1300000.0
365,2026-03-23,8,Andres Vega,Neiva,Audifonos,Tecnologia,180000.0,5,Transferencia,900000.0
163,2026-07-04,9,Paula Leon,Medellin,Laptop,Tecnologia,2500000.0,2,Transferencia,5000000.0
439,2026-03-19,5,Sofia Diaz,Neiva,Audifonos,Tecnologia,180000.0,2,Efectivo,360000.0
67,2026-03-25,4,Carlos Ruiz,Cali,Jean,Ropa,130000.0,5,Efectivo,650000.0
222,2026-09-02,3,Maria Gomez,Medellin,Mouse,Tecnologia,45000.0,5,Tarjeta,225000.0
189,2026-09-04,5,Sofia Diaz,Neiva,Zapatos,Ropa,210000.0,3,Tarjeta,630000.0
90,2026-09-16,4,Carlos Ruiz,Cali,Zapatos,Ropa,210000.0,3,Tarjeta,630000.0
24,2026-02-07,1,Ana Torres,Neiva,Jean,Ropa,130000.0,2,Tarjeta,260000.0
102,2026-03-08,6,Juan Mora,Bogota,Camiseta,Ropa,55000.0,2,Tarjeta,110000.0
190,2026-02-06,10,Diego Castro,Cali,Mouse,Tecnologia,45000.0,5,Tarjeta,225000.0
14,2026-04-11,10,Diego Castro,Cali,Audifonos,Tecnologia,180000.0,1,Efectivo,180000.0
221,2026-09-06,5,Sofia Diaz,Neiva,Camiseta,Ropa,55000.0,1,Tarjeta,55000.0
453,2026-01-09,10,Diego Castro,Cali,Laptop,Tecnologia,2500000.0,3,Tarjeta,7500000.0
385,2026-08-11,6,Juan Mora,Bogota,Audifonos,Tecnologia,180000.0,3,Efectivo,540000.0
33,2026-04-21,7,Laura Rojas,Pitalito,Lampara,Hogar,85000.0,3,Efectivo,255000.0
322,2026-06-10,2,Luis Perez,Bogota,Licuadora,Hogar,190000.0,2,Tarjeta,380000.0
413,2026-02-10,6,Juan Mora,Bogota,Licuadora,Hogar,190000.0,4,Efectivo,760000.0
119,2026-03-06,10,Diego Castro,Cali,Licuadora,Hogar,190000.0,5,Tarjeta,950000.0
165,2026-02-06,7,Laura Rojas,Pitalito,Laptop,Tecnologia,2500000.0,4,Efectivo,10000000.0
377,2026-02-18,3,Maria Gomez,Medellin,Audifonos,Tecnologia,180000.0,5,Efectivo,900000.0
156,2026-02-01,5,Sofia Diaz,Neiva,Lampara,Hogar,85000.0,2,Transferencia,170000.0
285,2026-06-09,10,Diego Castro,Cali,Lampara,Hogar,85000.0,4,Desconocido,340000.0
52,2026-01-28,7,Laura Rojas,Pitalito,Mouse,Tecnologia,45000.0,1,Efectivo,45000.0
51,2026-02-20,5,Sofia Diaz,Neiva,Mouse,Tecnologia,45000.0,2,Efectivo,90000.0
430,2026-09-10,2,Luis Perez,Bogota,Camiseta,Ropa,55000.0,5,Transferencia,275000.0
26,2026-07-26,1,Ana Torres,Neiva,Jean,Ropa,130000.0,3,Efectivo,390000.0
275,2026-05-02,4,Carlos Ruiz,Cali,Licuadora,Hogar,190000.0,3,Transferencia,570000.0
379,2026-08-26,3,Maria Gomez,Medellin,Mouse,Tecnologia,45000.0,4,Tarjeta,180000.0
470,2026-07-23,4,Carlos Ruiz,Cali,Teclado,Tecnologia,120000.0,2,Efectivo,240000.0
257,2026-04-17,8,Andres Vega,Neiva,Cafetera,Hogar,260000.0,5,Efectivo,1300000.0
169,2026-09-03,7,Laura Rojas,Pitalito,Teclado,Tecnologia,120000.0,1,Tarjeta,120000.0
441,2026-01-11,1,Ana Torres,Neiva,Audifonos,Tecnologia,180000.0,2,Efectivo,360000.0
194,2026-03-27,7,Laura Rojas,Pitalito,Jean,Ropa,130000.0,5,Tarjeta,650000.0
376,2026-08-30,3,Maria Gomez,Medellin,Mouse,Tecnologia,45000.0,4,Tarjeta,180000.0
180,2026-01-15,6,Juan Mora,Bogota,Zapatos,Ropa,210000.0,1,Efectivo,210000.0
219,2026-08-16,5,Sofia Diaz,Neiva,Jean,Ropa,130000.0,2,Tarjeta,260000.0
317,2026-05-20,3,Maria Gomez,Medellin,Teclado,Tecnologia,120000.0,3,Efectivo,360000.0
160,2026-05-04,10,Diego Castro,Cali,Teclado,Tecnologia,120000.0,2,Efectivo,240000.0
41,2026-05-14,10,Diego Castro,Cali,Audifonos,Tecnologia,180000.0,4,Efectivo,720000.0
451,2026-03-07,6,Juan Mora,Bogota,Jean,Ropa,130000.0,3,Tarjeta,390000.0
110,2026-06-09,5,Sofia Diaz,Neiva,Laptop,Tecnologia,2500000.0,3,Transferencia,7500000.0
83,2026-03-17,3,Maria Gomez,Medellin,Mouse,Tecnologia,45000.0,1,Tarjeta,45000.0
369,2026-08-09,1,Ana Torres,Neiva,Camiseta,Ropa,55000.0,5,Transferencia,275000.0
133,2026-01-10,8,Andres Vega,Neiva,Mouse,Tecnologia,45000.0,2,Efectivo,90000.0
443,2026-06-13,8,Andres Vega,Neiva,Zapatos,Ropa,210000.0,1,Tarjeta,210000.0
396,2026-04-03,10,Diego Castro,Cali,Laptop,Tecnologia,2500000.0,1,Transferencia,2500000.0
223,2026-02-21,3,Maria Gomez,Medellin,Zapatos,Ropa,210000.0,2,Tarjeta,420000.0
343,2026-08-26,5,Sofia Diaz,Neiva,Audifonos,Tecnologia,180000.0,4,Efectivo,720000.0
121,2026-07-19,8,Andres Vega,Neiva,Zapatos,Ropa,210000.0,1,Transferencia,210000.0
478,2026-09-21,10,Diego Castro,Cali,Licuadora,Hogar,190000.0,5,Transferencia,950000.0
238,2026-06-11,2,Luis Perez,Bogota,Audifonos,Tecnologia,180000.0,3,Tarjeta,540000.0
217,2026-09-16,10,Diego Castro,Cali,Lampara,Hogar,85000.0,3,Tarjeta,255000.0
497,2026-02-18,9,Paula Leon,Medellin,Zapatos,Ropa,210000.0,2,Efectivo,420000.0
391,2026-01-20,7,Laura Rojas,Pitalito,Lampara,Hogar,85000.0,3,Transferencia,255000.0
489,2026-01-03,1,Ana Torres,Neiva,Audifonos,Tecnologia,180000.0,2,Efectivo,360000.0
314,2026-06-12,10,Diego Castro,Cali,Camiseta,Ropa,55000.0,3,Transferencia,165000.0
328,2026-06-17,2,Luis Perez,Bogota,Jean,Ropa,130000.0,1,Tarjeta,130000.0
335,2026-03-14,6,Juan Mora,Bogota,Cafetera,Hogar,260000.0,4,Transferencia,1040000.0
269,2026-02-02,2,Luis Perez,Bogota,Jean,Ropa,130000.0,3,Tarjeta,390000.0
436,2026-05-10,2,Luis Perez,Bogota,Cafetera,Hogar,260000.0,4,Efectivo,1040000.0
455,2026-03-22,4,Carlos Ruiz,Cali,Audifonos,Tecnologia,180000.0,3,Desconocido,540000.0
494,2026-07-03,4,Carlos Ruiz,Cali,Mouse,Tecnologia,45000.0,1,Tarjeta,45000.0
457,2026-03-29,4,Carlos Ruiz,Cali,Cafetera,Hogar,260000.0,4,Transferencia,1040000.0
61,2026-01-03,9,Paula Leon,Medellin,Audifonos,Tecnologia,180000.0,5,Efectivo,900000.0
241,2026-09-23,5,Sofia Diaz,Neiva,Licuadora,Hogar,190000.0,4,Efectivo,760000.0
491,2026-01-26,9,Paula Leon,Medellin,Licuadora,Hogar,190000.0,3,Transferencia,570000.0
465,2026-04-02,1,Ana Torres,Neiva,Laptop,Tecnologia,2500000.0,4,Transferencia,10000000.0
278,2026-03-29,6,Juan Mora,Bogota,Teclado,Tecnologia,120000.0,5,Transferencia,600000.0
236,2026-02-21,4,Carlos Ruiz,Cali,Audifonos,Tecnologia,180000.0,2,Tarjeta,360000.0
366,2026-09-23,2,Luis Perez,Bogota,Lampara,Hogar,85000.0,4,Transferencia,340000.0
375,2026-06-12,3,Maria Gomez,Medellin,Laptop,Tecnologia,2500000.0,5,Efectivo,12500000.0
98,2026-05-24,4,Carlos Ruiz,Cali,Teclado,Tecnologia,120000.0,4,Desconocido,480000.0
116,2026-05-22,10,Diego Castro,Cali,Audifonos,Tecnologia,180000.0,5,Desconocido,900000.0
476,2026-02-07,9,Paula Leon,Medellin,Lampara,Hogar,85000.0,5,Efectivo,425000.0
383,2026-01-01,9,Paula Leon,Medellin,Laptop,Tecnologia,2500000.0,3,Tarjeta,7500000.0
398,2026-02-27,9,Paula Leon,Medellin,Cafetera,Hogar,260000.0,2,Transferencia,520000.0
148,2026-04-01,8,Andres Vega,Neiva,Zapatos,Ropa,210000.0,4,Transferencia,840000.0
408,2026-01-11,6,Juan Mora,Bogota,Licuadora,Hogar,190000.0,5,Efectivo,950000.0
147,2026-09-06,5,Sofia Diaz,Neiva,Cafetera,Hogar,260000.0,3,Tarjeta,780000.0
31,2026-09-05,3,Maria Gomez,Medellin,Licuadora,Hogar,190000.0,2,Efectivo,380000.0
23,2026-05-31,8,Andres Vega,Neiva,Teclado,Tecnologia,120000.0,3,Efectivo,360000.0
428,2026-01-07,6,Juan Mora,Bogota,Zapatos,Ropa,210000.0,3,Efectivo,630000.0
282,2026-08-25,4,Carlos Ruiz,Cali,Mouse,Tecnologia,45000.0,1,Tarjeta,45000.0
32,2026-05-31,2,Luis Perez,Bogota,Zapatos,Ropa,210000.0,3,Desconocido,630000.0
312,2026-07-28,9,Paula Leon,Medellin,Mouse,Tecnologia,45000.0,5,Transferencia,225000.0
21,2026-08-06,2,Luis Perez,Bogota,Licuadora,Hogar,190000.0,1,Transferencia,190000.0
229,2026-09-09,4,Carlos Ruiz,Cali,Licuadora,Hogar,190000.0,5,Tarjeta,950000.0
114,2026-03-09,3,Maria Gomez,Medellin,Teclado,Tecnologia,120000.0,4,Efectivo,480000.0
53,2026-03-22,2,Luis Perez,Bogota,Cafetera,Hogar,260000.0,5,Transferencia,1300000.0
1,2026-06-26,8,Andres Vega,Neiva,Laptop,Tecnologia,2500000.0,3,Efectivo,7500000.0
262,2026-03-06,3,Maria Gomez,Medellin,Zapatos,Ropa,210000.0,3,Transferencia,630000.0
371,2026-05-03,3,Maria Gomez,Medellin,Laptop,Tecnologia,2500000.0,1,Tarjeta,2500000.0
279,2026-09-23,6,Juan Mora,Bogota,Audifonos,Tecnologia,180000.0,4,Tarjeta,720000.0
368,2026-03-24,10,Diego Castro,Cali,Mouse,Tecnologia,45000.0,2,Efectivo,90000.0
57,2026-07-01,5,Sofia Diaz,Neiva,Teclado,Tecnologia,120000.0,3,Efectivo,360000.0
452,2026-06-26,8,Andres Vega,Neiva,Zapatos,Ropa,210000.0,1,Transferencia,210000.0
3,2026-07-18,10,Diego Castro,Cali,Jean,Ropa,130000.0,4,Transferencia,520000.0
480,2026-03-20,10,Diego Castro,Cali,Zapatos,Ropa,210000.0,2,Transferencia,420000.0
59,2026-09-15,3,Maria Gomez,Medellin,Licuadora,Hogar,190000.0,2,Efectivo,380000.0
388,2026-05-30,4,Carlos Ruiz,Cali,Mouse,Tecnologia,45000.0,5,Tarjeta,225000.0
205,2026-08-23,1,Ana Torres,Neiva,Laptop,Tecnologia,2500000.0,5,Transferencia,12500000.0
450,2026-02-17,6,Juan Mora,Bogota,Licuadora,Hogar,190000.0,1,Efectivo,190000.0
458,2026-08-10,10,Diego Castro,Cali,Licuadora,Hogar,190000.0,3,Efectivo,570000.0
487,2026-02-13,6,Juan Mora,Bogota,Mouse,Tecnologia,45000.0,2,Efectivo,90000.0
75,2026-04-21,7,Laura Rojas,Pitalito,Audifonos,Tecnologia,180000.0,2,Desconocido,360000.0
293,2026-01-13,4,Carlos Ruiz,Cali,Cafetera,Hogar,260000.0,1,Transferencia,260000.0
447,2026-09-11,1,Ana Torres,Neiva,Zapatos,Ropa,210000.0,1,Efectivo,210000.0
329,2026-05-01,1,Ana Torres,Neiva,Cafetera,Hogar,260000.0,3,Tarjeta,780000.0
81,2026-03-28,8,Andres Vega,Neiva,Lampara,Hogar,85000.0,5,Efectivo,425000.0
265,2026-05-29,3,Maria Gomez,Medellin,Mouse,Tecnologia,45000.0,5,Transferencia,225000.0
27,2026-01-25,6,Juan Mora,Bogota,Jean,Ropa,130000.0,3,Transferencia,390000.0
331,2026-01-15,1,Ana Torres,Neiva,Mouse,Tecnologia,45000.0,3,Tarjeta,135000.0
352,2026-06-14,4,Carlos Ruiz,Cali,Audifonos,Tecnologia,180000.0,3,Efectivo,540000.0
492,2026-09-10,9,Paula Leon,Medellin,Camiseta,Ropa,55000.0,3,Tarjeta,165000.0
166,2026-08-31,7,Laura Rojas,Pitalito,Laptop,Tecnologia,2500000.0,5,Tarjeta,12500000.0
174,2026-08-15,9,Paula Leon,Medellin,Zapatos,Ropa,210000.0,3,Tarjeta,630000.0
109,2026-02-22,1,Ana Torres,Neiva,Cafetera,Hogar,260000.0,1,Transferencia,260000.0
15,2026-05-05,2,Luis Perez,Bogota,Cafetera,Hogar,260000.0,1,Transferencia,260000.0
203,2026-03-08,8,Andres Vega,Neiva,Teclado,Tecnologia,120000.0,2,Efectivo,240000.0
115,2026-03-18,5,Sofia Diaz,Neiva,Lampara,Hogar,85000.0,1,Tarjeta,85000.0
415,2026-04-19,7,Laura Rojas,Pitalito,Mouse,Tecnologia,45000.0,3,Transferencia,135000.0
434,2026-08-16,4,Carlos Ruiz,Cali,Lampara,Hogar,85000.0,5,Transferencia,425000.0
60,2026-04-29,9,Paula Leon,Medellin,Jean,Ropa,130000.0,2,Tarjeta,260000.0
99,2026-07-23,9,Paula Leon,Medellin,Lampara,Hogar,85000.0,4,Desconocido,340000.0
334,2026-07-02,8,Andres Vega,Neiva,Audifonos,Tecnologia,180000.0,3,Transferencia,540000.0
245,2026-09-17,6,Juan Mora,Bogota,Zapatos,Ropa,210000.0,4,Efectivo,840000.0
42,2026-09-19,8,Andres Vega,Neiva,Teclado,Tecnologia,120000.0,2,Desconocido,240000.0
411,2026-04-08,4,Carlos Ruiz,Cali,Mouse,Tecnologia,45000.0,5,Desconocido,225000.0
233,2026-08-17,5,Sofia Diaz,Neiva,Jean,Ropa,130000.0,3,Efectivo,390000.0
246,2026-09-23,2,Luis Perez,Bogota,Lampara,Hogar,85000.0,1,Tarjeta,85000.0
80,2026-02-23,1,Ana Torres,Neiva,Licuadora,Hogar,190000.0,2,Tarjeta,380000.0
29,2026-03-16,3,Maria Gomez,Medellin,Lampara,Hogar,85000.0,3,Transferencia,255000.0
244,2026-07-17,6,Juan Mora,Bogota,Mouse,Tecnologia,45000.0,5,Efectivo,225000.0
151,2026-01-24,2,Luis Perez,Bogota,Lampara,Hogar,85000.0,5,Efectivo,425000.0
402,2026-02-11,5,Sofia Diaz,Neiva,Mouse,Tecnologia,45000.0,4,Efectivo,180000.0
272,2026-02-06,4,Carlos Ruiz,Cali,Camiseta,Ropa,55000.0,1,Efectivo,55000.0
218,2026-09-25,9,Paula Leon,Medellin,Licuadora,Hogar,190000.0,4,Tarjeta,760000.0
304,2026-01-14,5,Sofia Diaz,Neiva,Lampara,Hogar,85000.0,3,Efectivo,255000.0
58,2026-06-04,2,Luis Perez,Bogota,Lampara,Hogar,85000.0,3,Efectivo,255000.0
464,2026-04-28,1,Ana Torres,Neiva,Laptop,Tecnologia,2500000.0,5,Transferencia,12500000.0
63,2026-02-02,7,Laura Rojas,Pitalito,Zapatos,Ropa,210000.0,2,Tarjeta,420000.0
410,2026-05-24,5,Sofia Diaz,Neiva,Lampara,Hogar,85000.0,4,Efectivo,340000.0
112,2026-08-25,8,Andres Vega,Neiva,Jean,Ropa,130000.0,4,Transferencia,520000.0
85,2026-07-26,7,Laura Rojas,Pitalito,Lampara,Hogar,85000.0,3,Efectivo,255000.0
418,2026-06-28,8,Andres Vega,Neiva,Zapatos,Ropa,210000.0,2,Tarjeta,420000.0
240,2026-09-23,8,Andres Vega,Neiva,Zapatos,Ropa,210000.0,5,Efectivo,1050000.0
249,2026-09-18,8,Andres Vega,Neiva,Jean,Ropa,130000.0,3,Transferencia,390000.0
467,2026-03-14,9,Paula Leon,Medellin,Laptop,Tecnologia,2500000.0,5,Efectivo,12500000.0
130,2026-05-25,5,Sofia Diaz,Neiva,Audifonos,Tecnologia,180000.0,5,Transferencia,900000.0
356,2026-02-13,4,Carlos Ruiz,Cali,Mouse,Tecnologia,45000.0,2,Transferencia,90000.0
97,2026-03-09,9,Paula Leon,Medellin,Teclado,Tecnologia,120000.0,4,Efectivo,480000.0
237,2026-07-06,10,Diego Castro,Cali,Zapatos,Ropa,210000.0,3,Efectivo,630000.0
178,2026-02-22,1,Ana Torres,Neiva,Cafetera,Hogar,260000.0,1,Tarjeta,260000.0
390,2026-09-05,2,Luis Perez,Bogota,Mouse,Tecnologia,45000.0,1,Tarjeta,45000.0
142,2026-06-04,1,Ana Torres,Neiva,Jean,Ropa,130000.0,3,Efectivo,390000.0
490,2026-06-24,8,Andres Vega,Neiva,Licuadora,Hogar,190000.0,4,Tarjeta,760000.0
214,2026-06-23,10,Diego Castro,Cali,Audifonos,Tecnologia,180000.0,2,Tarjeta,360000.0
104,2026-01-18,9,Paula Leon,Medellin,Mouse,Tecnologia,45000.0,3,Efectivo,135000.0
486,2026-04-15,2,Luis Perez,Bogota,Jean,Ropa,130000.0,4,Tarjeta,520000.0
188,2026-02-10,2,Luis Perez,Bogota,Lampara,Hogar,85000.0,3,Efectivo,255000.0
259,2026-04-30,9,Paula Leon,Medellin,Teclado,Tecnologia,120000.0,1,Transferencia,120000.0
342,2026-09-04,10,Diego Castro,Cali,Licuadora,Hogar,190000.0,2,Tarjeta,380000.0
271,2026-05-14,4,Carlos Ruiz,Cali,Laptop,Tecnologia,2500000.0,5,Tarjeta,12500000.0
454,2026-07-16,7,Laura Rojas,Pitalito,Laptop,Tecnologia,2500000.0,1,Transferencia,2500000.0
82,2026-02-08,5,Sofia Diaz,Neiva,Jean,Ropa,130000.0,5,Tarjeta,650000.0
471,2026-07-12,8,Andres Vega,Neiva,Jean,Ropa,130000.0,3,Tarjeta,390000.0
351,2026-06-19,9,Paula Leon,Medellin,Lampara,Hogar,85000.0,2,Efectivo,170000.0
341,2026-07-04,2,Luis Perez,Bogota,Teclado,Tecnologia,120000.0,1,Transferencia,120000.0
254,2026-04-11,1,Ana Torres,Neiva,Laptop,Tecnologia,2500000.0,5,Tarjeta,12500000.0
460,2026-05-13,2,Luis Perez,Bogota,Licuadora,Hogar,190000.0,2,Transferencia,380000.0
370,2026-05-27,5,Sofia Diaz,Neiva,Zapatos,Ropa,210000.0,3,Tarjeta,630000.0
345,2026-06-26,8,Andres Vega,Neiva,Laptop,Tecnologia,2500000.0,4,Efectivo,10000000.0
325,2026-09-07,1,Ana Torres,Neiva,Teclado,Tecnologia,120000.0,3,Efectivo,360000.0
54,2026-04-04,5,Sofia Diaz,Neiva,Jean,Ropa,130000.0,4,Efectivo,520000.0
358,2026-01-27,2,Luis Perez,Bogota,Teclado,Tecnologia,120000.0,3,Transferencia,360000.0
172,2026-01-16,3,Maria Gomez,Medellin,Licuadora,Hogar,190000.0,4,Transferencia,760000.0
201,2026-05-31,8,Andres Vega,Neiva,Licuadora,Hogar,190000.0,5,Tarjeta,950000.0
355,2026-04-08,4,Carlos Ruiz,Cali,Audifonos,Tecnologia,180000.0,2,Transferencia,360000.0
140,2026-06-09,8,Andres Vega,Neiva,Teclado,Tecnologia,120000.0,1,Tarjeta,120000.0
347,2026-07-08,10,Diego Castro,Cali,Cafetera,Hogar,260000.0,5,Transferencia,1300000.0
301,2026-03-03,3,Maria Gomez,Medellin,Jean,Ropa,130000.0,2,Efectivo,260000.0
444,2026-09-27,5,Sofia Diaz,Neiva,Audifonos,Tecnologia,180000.0,2,Tarjeta,360000.0
281,2026-03-22,3,Maria Gomez,Medellin,Licuadora,Hogar,190000.0,2,Tarjeta,380000.0
213,2026-02-08,7,Laura Rojas,Pitalito,Cafetera,Hogar,260000.0,3,Transferencia,780000.0
228,2026-04-09,8,Andres Vega,Neiva,Laptop,Tecnologia,2500000.0,4,Efectivo,10000000.0
264,2026-06-09,8,Andres Vega,Neiva,Teclado,Tecnologia,120000.0,3,Efectivo,360000.0
100,2026-04-12,2,Luis Perez,Bogota,Camiseta,Ropa,55000.0,5,Efectivo,275000.0
353,2026-01-03,5,Sofia Diaz,Neiva,Audifonos,Tecnologia,180000.0,4,Efectivo,720000.0
149,2026-06-21,8,Andres Vega,Neiva,Licuadora,Hogar,190000.0,2,Transferencia,380000.0
16,2026-03-03,4,Carlos Ruiz,Cali,Camiseta,Ropa,55000.0,3,Transferencia,165000.0
164,2026-01-29,1,Ana Torres,Neiva,Licuadora,Hogar,190000.0,4,Transferencia,760000.0
307,2026-09-09,1,Ana Torres,Neiva,Laptop,Tecnologia,2500000.0,3,Transferencia,7500000.0
47,2026-01-06,9,Paula Leon,Medellin,Camiseta,Ropa,55000.0,4,Efectivo,220000.0
87,2026-08-12,8,Andres Vega,Neiva,Laptop,Tecnologia,2500000.0,1,Efectivo,2500000.0
38,2026-04-13,2,Luis Perez,Bogota,Camiseta,Ropa,55000.0,2,Tarjeta,110000.0
448,2026-03-15,3,Maria Gomez,Medellin,Cafetera,Hogar,260000.0,3,Transferencia,780000.0
393,2026-02-08,10,Diego Castro,Cali,Licuadora,Hogar,190000.0,5,Transferencia,950000.0
406,2026-09-14,7,Laura Rojas,Pitalito,Camiseta,Ropa,55000.0,3,Efectivo,165000.0
207,2026-07-17,2,Luis Perez,Bogota,Camiseta,Ropa,55000.0,2,Tarjeta,110000.0
473,2026-09-17,8,Andres Vega,Neiva,Zapatos,Ropa,210000.0,1,Transferencia,210000.0
250,2026-05-06,9,Paula Leon,Medellin,Lampara,Hogar,85000.0,2,Desconocido,170000.0
173,2026-02-02,10,Diego Castro,Cali,Lampara,Hogar,85000.0,4,Transferencia,340000.0
74,2026-03-27,5,Sofia Diaz,Neiva,Jean,Ropa,130000.0,1,Desconocido,130000.0
296,2026-04-17,5,Sofia Diaz,Neiva,Audifonos,Tecnologia,180000.0,2,Efectivo,360000.0
105,2026-02-21,2,Luis Perez,Bogota,Audifonos,Tecnologia,180000.0,5,Tarjeta,900000.0
327,2026-01-25,9,Paula Leon,Medellin,Jean,Ropa,130000.0,5,Efectivo,650000.0
481,2026-07-21,6,Juan Mora,Bogota,Laptop,Tecnologia,2500000.0,3,Desconocido,7500000.0
17,2026-02-13,5,Sofia Diaz,Neiva,Lampara,Hogar,85000.0,5,Desconocido,425000.0
337,2026-01-10,1,Ana Torres,Neiva,Lampara,Hogar,85000.0,4,Efectivo,340000.0
92,2026-06-21,2,Luis Perez,Bogota,Jean,Ropa,130000.0,5,Tarjeta,650000.0
89,2026-02-05,4,Carlos Ruiz,Cali,Lampara,Hogar,85000.0,3,Efectivo,255000.0
409,2026-07-21,9,Paula Leon,Medellin,Teclado,Tecnologia,120000.0,4,Tarjeta,480000.0
141,2026-02-15,7,Laura Rojas,Pitalito,Jean,Ropa,130000.0,1,Tarjeta,130000.0
195,2026-05-09,5,Sofia Diaz,Neiva,Teclado,Tecnologia,120000.0,3,Tarjeta,360000.0
206,2026-03-17,1,Ana Torres,Neiva,Laptop,Tecnologia,2500000.0,3,Efectivo,7500000.0
103,2026-08-16,8,Andres Vega,Neiva,Lampara,Hogar,85000.0,5,Transferencia,425000.0
239,2026-02-15,3,Maria Gomez,Medellin,Camiseta,Ropa,55000.0,4,Efectivo,220000.0
477,2026-09-05,5,Sofia Diaz,Neiva,Mouse,Tecnologia,45000.0,2,Desconocido,90000.0
175,2026-01-31,3,Maria Gomez,Medellin,Camiseta,Ropa,55000.0,1,Transferencia,55000.0
247,2026-09-19,8,Andres Vega,Neiva,Licuadora,Hogar,190000.0,4,Efectivo,760000.0
171,2026-09-18,9,Paula Leon,Medellin,Lampara,Hogar,85000.0,2,Tarjeta,170000.0
302,2026-05-10,10,Diego Castro,Cali,Teclado,Tecnologia,120000.0,5,Transferencia,600000.0
158,2026-07-05,1,Ana Torres,Neiva,Jean,Ropa,130000.0,3,Tarjeta,390000.0
71,2026-03-22,1,Ana Torres,Neiva,Jean,Ropa,130000.0,3,Transferencia,390000.0
134,2026-08-21,6,Juan Mora,Bogota,Zapatos,Ropa,210000.0,5,Tarjeta,1050000.0
306,2026-02-07,4,Carlos Ruiz,Cali,Laptop,Tecnologia,2500000.0,1,Transferencia,2500000.0
320,2026-07-15,7,Laura Rojas,Pitalito,Mouse,Tecnologia,45000.0,5,Transferencia,225000.0
19,2026-08-16,9,Paula Leon,Medellin,Camiseta,Ropa,55000.0,2,Transferencia,110000.0
360,2026-02-20,10,Diego Castro,Cali,Teclado,Tecnologia,120000.0,3,Efectivo,360000.0
407,2026-01-25,2,Luis Perez,Bogota,Jean,Ropa,130000.0,3,Transferencia,390000.0
432,2026-06-20,5,Sofia Diaz,Neiva,Camiseta,Ropa,55000.0,5,Efectivo,275000.0
363,2026-07-01,7,Laura Rojas,Pitalito,Teclado,Tecnologia,120000.0,3,Transferencia,360000.0
386,2026-02-03,4,Carlos Ruiz,Cali,Mouse,Tecnologia,45000.0,1,Transferencia,45000.0
35,2026-07-28,1,Ana Torres,Neiva,Mouse,Tecnologia,45000.0,4,Transferencia,180000.0
182,2026-02-16,5,Sofia Diaz,Neiva,Cafetera,Hogar,260000.0,2,Tarjeta,520000.0
185,2026-05-01,6,Juan Mora,Bogota,Licuadora,Hogar,190000.0,1,Tarjeta,190000.0
208,2026-01-04,10,Diego Castro,Cali,Cafetera,Hogar,260000.0,3,Transferencia,780000.0
95,2026-04-27,9,Paula Leon,Medellin,Cafetera,Hogar,260000.0,3,Efectivo,780000.0
493,2026-05-09,3,Maria Gomez,Medellin,Audifonos,Tecnologia,180000.0,3,Efectivo,540000.0
395,2026-07-04,10,Diego Castro,Cali,Licuadora,Hogar,190000.0,2,Efectivo,380000.0
123,2026-07-31,5,Sofia Diaz,Neiva,Licuadora,Hogar,190000.0,2,Transferencia,380000.0
359,2026-04-03,9,Paula Leon,Medellin,Jean,Ropa,130000.0,3,Efectivo,390000.0
79,2026-04-10,2,Luis Perez,Bogota,Cafetera,Hogar,260000.0,3,Transferencia,780000.0
62,2026-05-30,4,Carlos Ruiz,Cali,Mouse,Tecnologia,45000.0,2,Tarjeta,90000.0
68,2026-03-27,10,Diego Castro,Cali,Licuadora,Hogar,190000.0,2,Transferencia,380000.0
126,2026-04-10,4,Carlos Ruiz,Cali,Teclado,Tecnologia,120000.0,3,Efectivo,360000.0
338,2026-04-21,5,Sofia Diaz,Neiva,Jean,Ropa,130000.0,5,Tarjeta,650000.0
381,2026-07-14,6,Juan Mora,Bogota,Jean,Ropa,130000.0,2,Tarjeta,260000.0
456,2026-01-14,3,Maria Gomez,Medellin,Camiseta,Ropa,55000.0,2,Transferencia,110000.0
295,2026-05-02,7,Laura Rojas,Pitalito,Licuadora,Hogar,190000.0,2,Transferencia,380000.0
442,2026-08-15,2,Luis Perez,Bogota,Cafetera,Hogar,260000.0,2,Tarjeta,520000.0
25,2026-06-26,7,Laura Rojas,Pitalito,Camiseta,Ropa,55000.0,3,Desconocido,165000.0
348,2026-01-27,6,Juan Mora,Bogota,Cafetera,Hogar,260000.0,1,Tarjeta,260000.0
378,2026-04-22,7,Laura Rojas,Pitalito,Mouse,Tecnologia,45000.0,1,Efectivo,45000.0
127,2026-04-28,4,Carlos Ruiz,Cali,Cafetera,Hogar,260000.0,2,Tarjeta,520000.0
440,2026-08-21,3,Maria Gomez,Medellin,Licuadora,Hogar,190000.0,3,Tarjeta,570000.0
423,2026-09-04,7,Laura Rojas,Pitalito,Teclado,Tecnologia,120000.0,5,Transferencia,600000.0
179,2026-05-22,8,Andres Vega,Neiva,Laptop,Tecnologia,2500000.0,5,Transferencia,12500000.0
469,2026-05-28,4,Carlos Ruiz,Cali,Camiseta,Ropa,55000.0,4,Desconocido,220000.0
435,2026-09-27,8,Andres Vega,Neiva,Laptop,Tecnologia,2500000.0,4,Tarjeta,10000000.0
224,2026-06-08,10,Diego Castro,Cali,Camiseta,Ropa,55000.0,4,Efectivo,220000.0
462,2026-02-11,4,Carlos Ruiz,Cali,Laptop,Tecnologia,2500000.0,2,Desconocido,5000000.0
94,2026-06-10,2,Luis Perez,Bogota,Lampara,Hogar,85000.0,3,Transferencia,255000.0
70,2026-09-10,10,Diego Castro,Cali,Teclado,Tecnologia,120000.0,1,Tarjeta,120000.0
37,2026-05-15,2,Luis Perez,Bogota,Lampara,Hogar,85000.0,4,Efectivo,340000.0
297,2026-03-20,1,Ana Torres,Neiva,Mouse,Tecnologia,45000.0,1,Efectivo,45000.0
161,2026-05-20,4,Carlos Ruiz,Cali,Laptop,Tecnologia,2500000.0,5,Transferencia,12500000.0
12,2026-02-11,6,Juan Mora,Bogota,Laptop,Tecnologia,2500000.0,4,Transferencia,10000000.0
145,2026-08-17,10,Diego Castro,Cali,Mouse,Tecnologia,45000.0,1,Transferencia,45000.0
382,2026-02-13,3,Maria Gomez,Medellin,Teclado,Tecnologia,120000.0,1,Transferencia,120000.0
128,2026-03-22,3,Maria Gomez,Medellin,Zapatos,Ropa,210000.0,4,Transferencia,840000.0
309,2026-01-24,3,Maria Gomez,Medellin,Camiseta,Ropa,55000.0,3,Tarjeta,165000.0
303,2026-07-20,3,Maria Gomez,Medellin,Audifonos,Tecnologia,180000.0,2,Tarjeta,360000.0
10,2026-08-30,5,Sofia Diaz,Neiva,Lampara,Hogar,85000.0,4,Transferencia,340000.0
404,2026-07-16,5,Sofia Diaz,Neiva,Audifonos,Tecnologia,180000.0,4,Efectivo,720000.0
177,2026-05-02,9,Paula Leon,Medellin,Laptop,Tecnologia,2500000.0,1,Transferencia,2500000.0
232,2026-08-18,2,Luis Perez,Bogota,Jean,Ropa,130000.0,2,Efectivo,260000.0
211,2026-05-16,4,Carlos Ruiz,Cali,Jean,Ropa,130000.0,5,Tarjeta,650000.0
129,2026-08-19,10,Diego Castro,Cali,Zapatos,Ropa,210000.0,3,Transferencia,630000.0
144,2026-05-13,6,Juan Mora,Bogota,Cafetera,Hogar,260000.0,2,Efectivo,520000.0
242,2026-07-14,6,Juan Mora,Bogota,Lampara,Hogar,85000.0,2,Transferencia,170000.0
8,2026-08-12,9,Paula Leon,Medellin,Laptop,Tecnologia,2500000.0,2,Efectivo,5000000.0
299,2026-01-08,5,Sofia Diaz,Neiva,Teclado,Tecnologia,120000.0,2,Efectivo,240000.0
311,2026-05-24,9,Paula Leon,Medellin,Teclado,Tecnologia,120000.0,4,Efectivo,480000.0
255,2026-09-09,2,Luis Perez,Bogota,Audifonos,Tecnologia,180000.0,4,Transferencia,720000.0
426,2026-06-18,4,Carlos Ruiz,Cali,Teclado,Tecnologia,120000.0,1,Tarjeta,120000.0
362,2026-05-11,1,Ana Torres,Neiva,Laptop,Tecnologia,2500000.0,1,Transferencia,2500000.0
9,2026-07-09,8,Andres Vega,Neiva,Mouse,Tecnologia,45000.0,2,Tarjeta,90000.0
157,2026-02-03,7,Laura Rojas,Pitalito,Licuadora,Hogar,190000.0,1,Efectivo,190000.0
28,2026-01-09,7,Laura Rojas,Pitalito,Audifonos,Tecnologia,180000.0,2,Efectivo,360000.0
267,2026-04-25,8,Andres Vega,Neiva,Camiseta,Ropa,55000.0,5,Efectivo,275000.0
315,2026-07-18,4,Carlos Ruiz,Cali,Laptop,Tecnologia,2500000.0,5,Tarjeta,12500000.0
65,2026-06-15,2,Luis Perez,Bogota,Audifonos,Tecnologia,180000.0,5,Transferencia,900000.0
256,2026-07-28,7,Laura Rojas,Pitalito,Cafetera,Hogar,260000.0,1,Transferencia,260000.0
154,2026-05-10,7,Laura Rojas,Pitalito,Cafetera,Hogar,260000.0,1,Efectivo,260000.0
49,2026-01-26,6,Juan Mora,Bogota,Mouse,Tecnologia,45000.0,4,Efectivo,180000.0
209,2026-04-23,9,Paula Leon,Medellin,Cafetera,Hogar,260000.0,2,Desconocido,520000.0
288,2026-06-26,5,Sofia Diaz,Neiva,Mouse,Tecnologia,45000.0,2,Transferencia,90000.0
2,2026-07-08,1,Ana Torres,Neiva,Licuadora,Hogar,190000.0,2,Tarjeta,380000.0
270,2026-07-09,9,Paula Leon,Medellin,Lampara,Hogar,85000.0,4,Efectivo,340000.0
266,2026-01-23,7,Laura Rojas,Pitalito,Mouse,Tecnologia,45000.0,4,Efectivo,180000.0
354,2026-05-07,6,Juan Mora,Bogota,Lampara,Hogar,85000.0,1,Tarjeta,85000.0
361,2026-05-03,5,Sofia Diaz,Neiva,Laptop,Tecnologia,2500000.0,2,Tarjeta,5000000.0
96,2026-01-05,9,Paula Leon,Medellin,Cafetera,Hogar,260000.0,4,Tarjeta,1040000.0
305,2026-02-21,8,Andres Vega,Neiva,Licuadora,Hogar,190000.0,1,Efectivo,190000.0
43,2026-08-02,8,Andres Vega,Neiva,Teclado,Tecnologia,120000.0,3,Transferencia,360000.0
117,2026-01-29,9,Paula Leon,Medellin,Laptop,Tecnologia,2500000.0,1,Efectivo,2500000.0
46,2026-06-06,9,Paula Leon,Medellin,Audifonos,Tecnologia,180000.0,3,Tarjeta,540000.0
162,2026-01-30,6,Juan Mora,Bogota,Cafetera,Hogar,260000.0,2,Transferencia,520000.0
417,2026-03-29,1,Ana Torres,Neiva,Licuadora,Hogar,190000.0,4,Tarjeta,760000.0
118,2026-01-27,7,Laura Rojas,Pitalito,Lampara,Hogar,85000.0,5,Transferencia,425000.0
289,2026-09-10,6,Juan Mora,Bogota,Cafetera,Hogar,260000.0,3,Desconocido,780000.0
78,2026-08-13,1,Ana Torres,Neiva,Mouse,Tecnologia,45000.0,5,Tarjeta,225000.0
424,2026-05-27,10,Diego Castro,Cali,Teclado,Tecnologia,120000.0,3,Transferencia,360000.0
64,2026-07-16,8,Andres Vega,Neiva,Zapatos,Ropa,210000.0,5,Transferencia,1050000.0
339,2026-06-27,9,Paula Leon,Medellin,Cafetera,Hogar,260000.0,2,Desconocido,520000.0
425,2026-06-07,10,Diego Castro,Cali,Cafetera,Hogar,260000.0,4,Desconocido,1040000.0
421,2026-02-16,7,Laura Rojas,Pitalito,Lampara,Hogar,85000.0,1,Transferencia,85000.0
231,2026-04-27,6,Juan Mora,Bogota,Audifonos,Tecnologia,180000.0,5,Tarjeta,900000.0
298,2026-01-01,2,Luis Perez,Bogota,Licuadora,Hogar,190000.0,3,Efectivo,570000.0
187,2026-03-11,7,Laura Rojas,Pitalito,Jean,Ropa,130000.0,4,Efectivo,520000.0
313,2026-03-09,3,Maria Gomez,Medellin,Teclado,Tecnologia,120000.0,5,Efectivo,600000.0
200,2026-04-08,6,Juan Mora,Bogota,Zapatos,Ropa,210000.0,5,Efectivo,1050000.0
372,2026-06-07,4,Carlos Ruiz,Cali,Licuadora,Hogar,190000.0,3,Transferencia,570000.0
122,2026-05-19,4,Carlos Ruiz,Cali,Jean,Ropa,130000.0,5,Transferencia,650000.0
468,2026-08-10,5,Sofia Diaz,Neiva,Jean,Ropa,130000.0,1,Tarjeta,130000.0
308,2026-01-30,2,Luis Perez,Bogota,Laptop,Tecnologia,2500000.0,3,Efectivo,7500000.0
500,2026-08-28,9,Paula Leon,Medellin,Teclado,Tecnologia,120000.0,1,Transferencia,120000.0
364,2026-03-10,3,Maria Gomez,Medellin,Mouse,Tecnologia,45000.0,1,Desconocido,45000.0
159,2026-07-15,5,Sofia Diaz,Neiva,Laptop,Tecnologia,2500000.0,5,Efectivo,12500000.0
86,2026-08-06,9,Paula Leon,Medellin,Mouse,Tecnologia,45000.0,1,Transferencia,45000.0
226,2026-06-22,9,Paula Leon,Medellin,Licuadora,Hogar,190000.0,3,Efectivo,570000.0
263,2026-07-30,4,Carlos Ruiz,Cali,Jean,Ropa,130000.0,5,Transferencia,650000.0
332,2026-08-24,9,Paula Leon,Medellin,Teclado,Tecnologia,120000.0,5,Tarjeta,600000.0
446,2026-09-09,9,Paula Leon,Medellin,Zapatos,Ropa,210000.0,2,Transferencia,420000.0
77,2026-09-13,10,Diego Castro,Cali,Laptop,Tecnologia,2500000.0,2,Tarjeta,5000000.0
422,2026-02-07,8,Andres Vega,Neiva,Teclado,Tecnologia,120000.0,2,Tarjeta,240000.0
405,2026-06-27,7,Laura Rojas,Pitalito,Audifonos,Tecnologia,180000.0,3,Tarjeta,540000.0
88,2026-09-08,6,Juan Mora,Bogota,Mouse,Tecnologia,45000.0,1,Efectivo,45000.0
202,2026-05-16,9,Paula Leon,Medellin,Lampara,Hogar,85000.0,4,Efectivo,340000.0
183,2026-04-12,2,Luis Perez,Bogota,Cafetera,Hogar,260000.0,5,Efectivo,1300000.0
106,2026-02-08,10,Diego Castro,Cali,Audifonos,Tecnologia,180000.0,5,Desconocido,900000.0
488,2026-07-02,7,Laura Rojas,Pitalito,Jean,Ropa,130000.0,5,Tarjeta,650000.0
50,2026-04-23,8,Andres Vega,Neiva,Laptop,Tecnologia,2500000.0,4,Tarjeta,10000000.0
459,2026-03-05,4,Carlos Ruiz,Cali,Audifonos,Tecnologia,180000.0,3,Transferencia,540000.0
6,2026-08-11,5,Sofia Diaz,Neiva,Zapatos,Ropa,210000.0,3,Efectivo,630000.0
18,2026-03-26,1,Ana Torres,Neiva,Cafetera,Hogar,260000.0,4,Transferencia,1040000.0
235,2026-04-16,7,Laura Rojas,Pitalito,Zapatos,Ropa,210000.0,1,Tarjeta,210000.0
437,2026-06-13,3,Maria Gomez,Medellin,Zapatos,Ropa,210000.0,4,Efectivo,840000.0
373,2026-08-17,3,Maria Gomez,Medellin,Cafetera,Hogar,260000.0,2,Transferencia,520000.0
431,2026-08-20,4,Carlos Ruiz,Cali,Audifonos,Tecnologia,180000.0,3,Transferencia,540000.0
107,2026-02-12,2,Luis Perez,Bogota,Jean,Ropa,130000.0,2,Efectivo,260000.0
135,2026-06-21,7,Laura Rojas,Pitalito,Lampara,Hogar,85000.0,1,Efectivo,85000.0
227,2026-08-03,7,Laura Rojas,Pitalito,Camiseta,Ropa,55000.0,4,Efectivo,220000.0
215,2026-07-24,3,Maria Gomez,Medellin,Zapatos,Ropa,210000.0,3,Efectivo,630000.0
191,2026-06-15,4,Carlos Ruiz,Cali,Laptop,Tecnologia,2500000.0,3,Transferencia,7500000.0
479,2026-06-16,2,Luis Perez,Bogota,Camiseta,Ropa,55000.0,2,Efectivo,110000.0
321,2026-08-12,8,Andres Vega,Neiva,Audifonos,Tecnologia,180000.0,2,Tarjeta,360000.0
283,2026-03-09,6,Juan Mora,Bogota,Laptop,Tecnologia,2500000.0,4,Efectivo,10000000.0
30,2026-03-05,1,Ana Torres,Neiva,Licuadora,Hogar,190000.0,5,Tarjeta,950000.0
170,2026-01-14,2,Luis Perez,Bogota,Laptop,Tecnologia,2500000.0,3,Efectivo,7500000.0
181,2026-03-01,1,Ana Torres,Neiva,Laptop,Tecnologia,2500000.0,5,Efectivo,12500000.0
101,2026-09-17,7,Laura Rojas,Pitalito,Mouse,Tecnologia,45000.0,5,Tarjeta,225000.0
198,2026-03-27,7,Laura Rojas,Pitalito,Zapatos,Ropa,210000.0,2,Transferencia,420000.0
210,2026-06-12,3,Maria Gomez,Medellin,Mouse,Tecnologia,45000.0,4,Tarjeta,180000.0
136,2026-01-23,6,Juan Mora,Bogota,Cafetera,Hogar,260000.0,3,Desconocido,780000.0
466,2026-02-15,4,Carlos Ruiz,Cali,Licuadora,Hogar,190000.0,1,Tarjeta,190000.0
199,2026-02-23,6,Juan Mora,Bogota,Audifonos,Tecnologia,180000.0,3,Efectivo,540000.0
374,2026-07-25,2,Luis Perez,Bogota,Camiseta,Ropa,55000.0,3,Transferencia,165000.0
167,2026-05-03,3,Maria Gomez,Medellin,Teclado,Tecnologia,120000.0,1,Transferencia,120000.0
419,2026-08-06,4,Carlos Ruiz,Cali,Licuadora,Hogar,190000.0,1,Tarjeta,190000.0
137,2026-09-17,2,Luis Perez,Bogota,Cafetera,Hogar,260000.0,5,Tarjeta,1300000.0
286,2026-09-01,7,Laura Rojas,Pitalito,Licuadora,Hogar,190000.0,2,Transferencia,380000.0
336,2026-04-24,2,Luis Perez,Bogota,Lampara,Hogar,85000.0,5,Efectivo,425000.0
397,2026-01-15,7,Laura Rojas,Pitalito,Zapatos,Ropa,210000.0,4,Efectivo,840000.0
414,2026-09-02,8,Andres Vega,Neiva,Jean,Ropa,130000.0,2,Efectivo,260000.0
132,2026-06-20,8,Andres Vega,Neiva,Jean,Ropa,130000.0,1,Tarjeta,130000.0
40,2026-02-01,4,Carlos Ruiz,Cali,Laptop,Tecnologia,2500000.0,2,Transferencia,5000000.0
216,2026-02-14,8,Andres Vega,Neiva,Mouse,Tecnologia,45000.0,3,Transferencia,135000.0
44,2026-01-27,1,Ana Torres,Neiva,Teclado,Tecnologia,120000.0,3,Transferencia,360000.0
55,2026-02-10,1,Ana Torres,Neiva,Teclado,Tecnologia,120000.0,5,Efectivo,600000.0
300,2026-07-30,6,Juan Mora,Bogota,Camiseta,Ropa,55000.0,3,Transferencia,165000.0
496,2026-02-17,6,Juan Mora,Bogota,Camiseta,Ropa,55000.0,1,Tarjeta,55000.0
36,2026-02-13,8,Andres Vega,Neiva,Camiseta,Ropa,55000.0,5,Efectivo,275000.0
316,2026-08-04,6,Juan Mora,Bogota,Audifonos,Tecnologia,180000.0,1,Efectivo,180000.0
400,2026-09-26,6,Juan Mora,Bogota,Laptop,Tecnologia,2500000.0,2,Tarjeta,5000000.0
310,2026-08-18,7,Laura Rojas,Pitalito,Jean,Ropa,130000.0,3,Tarjeta,390000.0
277,2026-04-04,3,Maria Gomez,Medellin,Lampara,Hogar,85000.0,5,Desconocido,425000.0
125,2026-02-14,5,Sofia Diaz,Neiva,Camiseta,Ropa,55000.0,3,Efectivo,165000.0
143,2026-07-16,6,Juan Mora,Bogota,Zapatos,Ropa,210000.0,4,Transferencia,840000.0
111,2026-08-12,4,Carlos Ruiz,Cali,Licuadora,Hogar,190000.0,2,Transferencia,380000.0
324,2026-05-17,8,Andres Vega,Neiva,Mouse,Tecnologia,45000.0,1,Transferencia,45000.0
333,2026-02-20,7,Laura Rojas,Pitalito,Zapatos,Ropa,210000.0,3,Efectivo,630000.0
394,2026-05-07,4,Carlos Ruiz,Cali,Cafetera,Hogar,260000.0,5,Desconocido,1300000.0
475,2026-01-17,9,Paula Leon,Medellin,Laptop,Tecnologia,2500000.0,3,Transferencia,7500000.0
108,2026-02-01,5,Sofia Diaz,Neiva,Mouse,Tecnologia,45000.0,3,Tarjeta,135000.0
482,2026-07-11,4,Carlos Ruiz,Cali,Licuadora,Hogar,190000.0,3,Tarjeta,570000.0
13,2026-04-09,8,Andres Vega,Neiva,Lampara,Hogar,85000.0,5,Efectivo,425000.0
273,2026-04-05,1,Ana Torres,Neiva,Laptop,Tecnologia,2500000.0,2,Efectivo,5000000.0
48,2026-04-27,7,Laura Rojas,Pitalito,Cafetera,Hogar,260000.0,2,Efectivo,520000.0
204,2026-05-14,4,Carlos Ruiz,Cali,Licuadora,Hogar,190000.0,1,Tarjeta,190000.0
498,2026-01-15,3,Maria Gomez,Medellin,Audifonos,Tecnologia,180000.0,3,Efectivo,540000.0
120,2026-07-30,6,Juan Mora,Bogota,Licuadora,Hogar,190000.0,4,Efectivo,760000.0
22,2026-06-29,8,Andres Vega,Neiva,Cafetera,Hogar,260000.0,3,Transferencia,780000.0
403,2026-02-11,4,Carlos Ruiz,Cali,Camiseta,Ropa,55000.0,5,Efectivo,275000.0
84,2026-02-02,10,Diego Castro,Cali,Zapatos,Ropa,210000.0,2,Efectivo,420000.0
131,2026-02-24,7,Laura Rojas,Pitalito,Camiseta,Ropa,55000.0,5,Efectivo,275000.0
483,2026-09-09,1,Ana Torres,Neiva,Jean,Ropa,130000.0,4,Efectivo,520000.0
384,2026-05-13,3,Maria Gomez,Medellin,Jean,Ropa,130000.0,3,Efectivo,390000.0
330,2026-06-29,4,Carlos Ruiz,Cali,Teclado,Tecnologia,120000.0,5,Transferencia,600000.0
230,2026-07-27,6,Juan Mora,Bogota,Camiseta,Ropa,55000.0,4,Transferencia,220000.0
287,2026-02-16,2,Luis Perez,Bogota,Camiseta,Ropa,55000.0,3,Tarjeta,165000.0
124,2026-03-13,3,Maria Gomez,Medellin,Zapatos,Ropa,210000.0,1,Tarjeta,210000.0
34,2026-02-15,4,Carlos Ruiz,Cali,Licuadora,Hogar,190000.0,2,Tarjeta,380000.0
276,2026-07-23,10,Diego Castro,Cali,Lampara,Hogar,85000.0,3,Efectivo,255000.0
5,2026-02-19,4,Carlos Ruiz,Cali,Jean,Ropa,130000.0,5,Transferencia,650000.0
412,2026-07-19,8,Andres Vega,Neiva,Audifonos,Tecnologia,180000.0,2,Efectivo,360000.0
20,2026-07-04,3,Maria Gomez,Medellin,Teclado,Tecnologia,120000.0,4,Desconocido,480000.0
220,2026-07-23,9,Paula Leon,Medellin,Laptop,Tecnologia,2500000.0,3,Efectivo,7500000.0
380,2026-08-25,6,Juan Mora,Bogota,Licuadora,Hogar,190000.0,4,Efectivo,760000.0
420,2026-08-21,10,Diego Castro,Cali,Cafetera,Hogar,260000.0,4,Tarjeta,1040000.0
357,2026-01-07,4,Carlos Ruiz,Cali,Laptop,Tecnologia,2500000.0,3,Transferencia,7500000.0
150,2026-03-26,6,Juan Mora,Bogota,Audifonos,Tecnologia,180000.0,2,Desconocido,360000.0
225,2026-03-14,1,Ana Torres,Neiva,Laptop,Tecnologia,2500000.0,2,Transferencia,5000000.0
248,2026-02-03,1,Ana Torres,Neiva,Audifonos,Tecnologia,180000.0,2,Tarjeta,360000.0
152,2026-04-14,8,Andres Vega,Neiva,Camiseta,Ropa,55000.0,1,Transferencia,55000.0
318,2026-01-22,9,Paula Leon,Medellin,Audifonos,Tecnologia,180000.0,5,Tarjeta,900000.0
292,2026-05-03,10,Diego Castro,Cali,Laptop,Tecnologia,2500000.0,2,Efectivo,5000000.0
234,2026-04-18,1,Ana Torres,Neiva,Mouse,Tecnologia,45000.0,5,Transferencia,225000.0
11,2026-04-09,2,Luis Perez,Bogota,Cafetera,Hogar,260000.0,3,Efectivo,780000.0
280,2026-06-26,7,Laura Rojas,Pitalito,Jean,Ropa,130000.0,1,Tarjeta,130000.0
72,2026-08-29,2,Luis Perez,Bogota,Lampara,Hogar,85000.0,1,Transferencia,85000.0
253,2026-05-01,10,Diego Castro,Cali,Teclado,Tecnologia,120000.0,5,Tarjeta,600000.0
93,2026-07-22,2,Luis Perez,Bogota,Cafetera,Hogar,260000.0,3,Tarjeta,780000.0
429,2026-09-17,9,Paula Leon,Medellin,Cafetera,Hogar,260000.0,4,Efectivo,1040000.0
350,2026-04-12,10,Diego Castro,Cali,Lampara,Hogar,85000.0,5,Transferencia,425000.0
416,2026-04-29,5,Sofia Diaz,Neiva,Camiseta,Ropa,55000.0,2,Tarjeta,110000.0
401,2026-04-18,1,Ana Torres,Neiva,Licuadora,Hogar,190000.0,3,Transferencia,570000.0
193,2026-08-15,5,Sofia Diaz,Neiva,Mouse,Tecnologia,45000.0,2,Transferencia,90000.0
258,2026-03-05,10,Diego Castro,Cali,Laptop,Tecnologia,2500000.0,1,Efectivo,2500000.0
340,2026-02-10,5,Sofia Diaz,Neiva,Zapatos,Ropa,210000.0,2,Transferencia,420000.0
73,2026-03-02,9,Paula Leon,Medellin,Licuadora,Hogar,190000.0,5,Tarjeta,950000.0
196,2026-06-04,1,Ana Torres,Neiva,Teclado,Tecnologia,120000.0,2,Efectivo,240000.0
484,2026-03-12,7,Laura Rojas,Pitalito,Camiseta,Ropa,55000.0,2,Efectivo,110000.0
344,2026-04-13,7,Laura Rojas,Pitalito,Licuadora,Hogar,190000.0,3,Efectivo,570000.0
138,2026-06-10,5,Sofia Diaz,Neiva,Licuadora,Hogar,190000.0,3,Transferencia,570000.0
495,2026-04-22,1,Ana Torres,Neiva,Licuadora,Hogar,190000.0,2,Tarjeta,380000.0
261,2026-07-08,5,Sofia Diaz,Neiva,Cafetera,Hogar,260000.0,5,Efectivo,1300000.0
39,2026-06-13,7,Laura Rojas,Pitalito,Zapatos,Ropa,210000.0,2,Transferencia,420000.0
463,2026-05-18,1,Ana Torres,Neiva,Teclado,Tecnologia,120000.0,1,Tarjeta,120000.0
291,2026-01-14,1,Ana Torres,Neiva,Teclado,Tecnologia,120000.0,2,Efectivo,240000.0
449,2026-05-03,7,Laura Rojas,Pitalito,Teclado,Tecnologia,120000.0,1,Transferencia,120000.0
252,2026-05-30,3,Maria Gomez,Medellin,Laptop,Tecnologia,2500000.0,3,Transferencia,7500000.0
113,2026-05-14,1,Ana Torres,Neiva,Jean,Ropa,130000.0,1,Transferencia,130000.0
438,2026-03-11,4,Carlos Ruiz,Cali,Teclado,Tecnologia,120000.0,3,Desconocido,360000.0
184,2026-07-31,6,Juan Mora,Bogota,Camiseta,Ropa,55000.0,3,Efectivo,165000.0
153,2026-09-14,6,Juan Mora,Bogota,Mouse,Tecnologia,45000.0,5,Efectivo,225000.0
326,2026-06-07,6,Juan Mora,Bogota,Lampara,Hogar,85000.0,2,Tarjeta,170000.0
192,2026-06-21,5,Sofia Diaz,Neiva,Zapatos,Ropa,210000.0,5,Efectivo,1050000.0
45,2026-07-10,5,Sofia Diaz,Neiva,Mouse,Tecnologia,45000.0,2,Transferencia,90000.0
445,2026-01-08,2,Luis Perez,Bogota,Lampara,Hogar,85000.0,3,Efectivo,255000.0
7,2026-01-25,3,Maria Gomez,Medellin,Camiseta,Ropa,55000.0,3,Transferencia,165000.0
251,2026-01-20,5,Sofia Diaz,Neiva,Teclado,Tecnologia,120000.0,4,Efectivo,480000.0
76,2026-07-21,8,Andres Vega,Neiva,Laptop,Tecnologia,2500000.0,2,Desconocido,5000000.0
392,2026-05-24,6,Juan Mora,Bogota,Camiseta,Ropa,55000.0,4,Tarjeta,220000.0
433,2026-04-19,3,Maria Gomez,Medellin,Licuadora,Hogar,190000.0,3,Transferencia,570000.0
69,2026-06-17,3,Maria Gomez,Medellin,Zapatos,Ropa,210000.0,3,Transferencia,630000.0
168,2026-02-23,9,Paula Leon,Medellin,Cafetera,Hogar,260000.0,1,Transferencia,260000.0
367,2026-06-08,10,Diego Castro,Cali,Audifonos,Tecnologia,180000.0,1,Efectivo,180000.0
346,2026-06-03,10,Diego Castro,Cali,Cafetera,Hogar,260000.0,3,Tarjeta,780000.0
399,2026-03-19,5,Sofia Diaz,Neiva,Jean,Ropa,130000.0,4,Transferencia,520000.0
186,2026-03-23,6,Juan Mora,Bogota,Lampara,Hogar,85000.0,3,Desconocido,255000.0
349,2026-05-04,8,Andres Vega,Neiva,Camiseta,Ropa,55000.0,3,Tarjeta,165000.0
212,2026-07-28,5,Sofia Diaz,Neiva,Lampara,Hogar,85000.0,3,Tarjeta,255000.0
197,2026-05-28,8,Andres Vega,Neiva,Jean,Ropa,130000.0,4,Efectivo,520000.0
176,2026-07-21,6,Juan Mora,Bogota,Jean,Ropa,130000.0,3,Desconocido,390000.0
